{"cameraMode":{"drawMode":0,"name":"Shaded","section":"Shading Mode"},"sceneLighting":true,"audioPlay":false,"sceneViewState":{"m_AlwaysRefresh":false,"showFog":true,"showSkybox":true,"showFlares":true,"showImageEffects":true,"showParticleSystems":true,"showVisualEffectGraphs":true,"m_FxEnabled":true},"in2DMode":false,"pivot":{"x":-0.44638460874557497,"y":0.11868699640035629,"z":15.83303451538086},"rotation":{"x":0.12537693977355958,"y":-0.6606656908988953,"z":0.1132972314953804,"w":0.7313327193260193},"size":0.8660253882408142,"orthographic":false}