{"cameraMode":{"drawMode":0,"name":"Shaded","section":"Shading Mode"},"sceneLighting":false,"audioPlay":false,"sceneViewState":{"m_AlwaysRefresh":false,"showFog":true,"showSkybox":false,"showFlares":true,"showImageEffects":true,"showParticleSystems":true,"showVisualEffectGraphs":true,"m_FxEnabled":true},"in2DMode":false,"pivot":{"x":1.4206113815307618,"y":-5.82436990737915,"z":40.648136138916019},"rotation":{"x":0.1676015555858612,"y":-0.17030306160449983,"z":0.029337547719478608,"w":0.9704881310462952},"size":11.641918182373047,"orthographic":false}