{"cameraMode":{"drawMode":0,"name":"Shaded","section":"Shading Mode"},"sceneLighting":true,"audioPlay":false,"sceneViewState":{"m_AlwaysRefresh":false,"showFog":true,"showSkybox":true,"showFlares":true,"showImageEffects":true,"showParticleSystems":true,"showVisualEffectGraphs":true,"m_FxEnabled":true},"in2DMode":false,"pivot":{"x":3.096515417098999,"y":-0.5354291200637817,"z":10.209806442260743},"rotation":{"x":-0.05246901512145996,"y":0.013802018947899342,"z":-0.0004490416613407433,"w":-0.9983881115913391},"size":16.870840072631837,"orthographic":false}