{"cameraMode":{"drawMode":0,"name":"Shaded","section":"Shading Mode"},"sceneLighting":false,"audioPlay":false,"sceneViewState":{"m_AlwaysRefresh":false,"showFog":true,"showSkybox":false,"showFlares":true,"showImageEffects":true,"showParticleSystems":true,"showVisualEffectGraphs":true,"m_FxEnabled":false},"in2DMode":false,"pivot":{"x":-2.892538070678711,"y":-3.6493582725524904,"z":-5.469391822814941},"rotation":{"x":-0.21022111177444459,"y":-0.0038156250957399608,"z":0.0008172346279025078,"w":-0.9776185154914856},"size":5.612485885620117,"orthographic":false}